t,uid,x,y,z,state,slot_kind,slot_index
795.0,10,154.17,500.00,51.00,ON_STATION,relay,2
795.0,9,231.25,500.00,51.00,ON_STATION,relay,3
795.0,31,201.99,454.51,73.98,TRANSIT_OUT,relay,3
795.0,33,23.42,441.27,74.00,TRANSIT_OUT,relay,2
795.5,10,154.17,500.00,51.00,ON_STATION,relay,2
795.5,9,231.25,500.00,51.00,ON_STATION,relay,3
795.5,31,204.49,454.53,73.98,TRANSIT_OUT,relay,3
795.5,33,25.91,441.47,74.00,TRANSIT_OUT,relay,2
796.0,10,154.17,500.00,51.00,ON_STATION,relay,2
796.0,9,231.25,500.00,51.00,ON_STATION,relay,3
796.0,31,206.99,454.55,73.98,TRANSIT_OUT,relay,3
796.0,33,28.40,441.68,74.00,TRANSIT_OUT,relay,2
796.5,10,154.17,500.00,51.00,ON_STATION,relay,2
796.5,9,231.25,500.00,51.00,ON_STATION,relay,3
796.5,31,209.49,454.57,73.98,TRANSIT_OUT,relay,3
796.5,33,30.89,441.89,74.00,TRANSIT_OUT,relay,2
797.0,10,154.17,500.00,51.00,ON_STATION,relay,2
797.0,9,231.25,500.00,51.00,ON_STATION,relay,3
797.0,31,211.99,454.59,73.98,TRANSIT_OUT,relay,3
797.0,33,33.38,442.10,74.00,TRANSIT_OUT,relay,2
797.5,10,154.17,500.00,51.00,ON_STATION,relay,2
797.5,9,231.25,500.00,51.00,ON_STATION,relay,3
797.5,31,214.49,454.61,73.98,TRANSIT_OUT,relay,3
797.5,33,35.87,442.30,74.00,TRANSIT_OUT,relay,2
798.0,10,154.17,500.00,51.00,ON_STATION,relay,2
798.0,9,231.25,500.00,51.00,ON_STATION,relay,3
798.0,31,216.99,454.63,73.98,TRANSIT_OUT,relay,3
798.0,33,38.37,442.51,74.00,TRANSIT_OUT,relay,2
798.5,10,154.17,500.00,51.00,ON_STATION,relay,2
798.5,9,231.25,500.00,51.00,ON_STATION,relay,3
798.5,31,219.49,454.64,73.98,TRANSIT_OUT,relay,3
798.5,33,40.86,442.72,74.00,TRANSIT_OUT,relay,2
799.0,10,154.17,500.00,51.00,ON_STATION,relay,2
799.0,9,231.25,500.00,51.00,ON_STATION,relay,3
799.0,31,221.99,454.66,73.98,TRANSIT_OUT,relay,3
799.0,33,43.35,442.93,74.00,TRANSIT_OUT,relay,2
799.5,10,154.17,500.00,51.00,ON_STATION,relay,2
799.5,9,231.25,500.00,51.00,ON_STATION,relay,3
799.5,31,224.49,454.68,73.99,TRANSIT_OUT,relay,3
799.5,33,45.84,443.13,74.00,TRANSIT_OUT,relay,2
800.0,10,154.17,500.00,51.00,ON_STATION,relay,2
800.0,9,231.25,500.00,51.00,ON_STATION,relay,3
800.0,31,226.99,454.70,73.99,TRANSIT_OUT,relay,3
800.0,33,48.33,443.34,74.00,TRANSIT_OUT,relay,2
800.5,10,154.17,500.00,51.00,ON_STATION,relay,2
800.5,9,231.25,500.00,51.00,ON_STATION,relay,3
800.5,31,229.49,454.72,73.99,TRANSIT_OUT,relay,3
800.5,33,50.82,443.55,74.00,TRANSIT_OUT,relay,2
801.0,10,154.17,500.00,51.00,ON_STATION,relay,2
801.0,9,231.25,500.00,51.00,ON_STATION,relay,3
801.0,31,231.99,454.74,73.99,TRANSIT_OUT,relay,3
801.0,33,53.31,443.76,74.00,TRANSIT_OUT,relay,2
801.5,10,154.17,500.00,51.00,ON_STATION,relay,2
801.5,9,231.25,500.00,51.00,ON_STATION,relay,3
801.5,31,234.49,454.76,73.99,TRANSIT_OUT,relay,3
801.5,33,55.81,443.97,74.00,TRANSIT_OUT,relay,2
802.0,10,154.17,500.00,51.00,ON_STATION,relay,2
802.0,9,231.25,500.00,51.00,ON_STATION,relay,3
802.0,31,236.99,454.78,73.99,TRANSIT_OUT,relay,3
802.0,33,58.28,444.16,74.00,TRANSIT_OUT,relay,2
802.5,10,154.17,500.00,51.00,ON_STATION,relay,2
802.5,9,231.25,500.00,51.00,ON_STATION,relay,3
802.5,31,239.49,454.80,73.99,TRANSIT_OUT,relay,3
802.5,33,60.72,444.32,73.99,TRANSIT_OUT,relay,2
803.0,10,154.17,500.00,51.00,ON_STATION,relay,2
803.0,9,231.25,500.00,51.00,ON_STATION,relay,3
803.0,31,241.99,454.82,73.99,TRANSIT_OUT,relay,3
803.0,33,63.13,444.47,73.99,TRANSIT_OUT,relay,2
803.5,10,154.17,500.00,51.00,ON_STATION,relay,2
803.5,9,231.25,500.00,51.00,ON_STATION,relay,3
803.5,31,244.48,454.84,73.99,TRANSIT_OUT,relay,3
803.5,33,65.51,444.59,73.98,TRANSIT_OUT,relay,2
804.0,10,154.17,500.00,51.00,ON_STATION,relay,2
804.0,9,231.25,500.00,51.00,ON_STATION,relay,3
804.0,31,246.98,454.86,73.99,TRANSIT_OUT,relay,3
804.0,33,67.85,444.70,73.97,TRANSIT_OUT,relay,2
804.5,10,154.17,500.00,51.00,ON_STATION,relay,2
804.5,9,231.25,500.00,51.00,ON_STATION,relay,3
804.5,31,249.48,454.88,73.99,TRANSIT_OUT,relay,3
804.5,33,70.17,444.78,73.96,TRANSIT_OUT,relay,2
805.0,10,154.17,500.00,51.00,ON_STATION,relay,2
805.0,9,231.25,500.00,51.00,ON_STATION,relay,3
805.0,31,251.98,454.90,73.99,TRANSIT_OUT,relay,3
805.0,33,72.43,444.82,73.94,TRANSIT_OUT,relay,2
805.5,10,154.17,500.00,51.00,ON_STATION,relay,2
805.5,9,231.25,500.00,51.00,ON_STATION,relay,3
805.5,31,254.48,454.92,73.99,TRANSIT_OUT,relay,3
805.5,33,74.63,444.83,73.93,TRANSIT_OUT,relay,2
806.0,10,154.17,500.00,51.00,ON_STATION,relay,2
806.0,9,231.25,500.00,51.00,ON_STATION,relay,3
806.0,31,256.98,454.94,74.00,TRANSIT_OUT,relay,3
806.0,33,77.12,445.05,73.93,TRANSIT_OUT,relay,2
806.5,10,154.17,500.00,51.00,ON_STATION,relay,2
806.5,9,231.25,500.00,51.00,ON_STATION,relay,3
806.5,31,258.84,455.72,74.00,TRANSIT_OUT,relay,3
806.5,33,79.61,445.27,73.93,TRANSIT_OUT,relay,2
807.0,10,154.17,500.00,51.00,ON_STATION,relay,2
807.0,9,231.25,500.00,51.00,ON_STATION,relay,3
807.0,31,260.03,457.25,74.00,TRANSIT_OUT,relay,3
807.0,33,82.10,445.50,73.93,TRANSIT_OUT,relay,2
807.5,10,154.17,500.00,51.00,ON_STATION,relay,2
807.5,9,231.25,500.00,51.00,ON_STATION,relay,3
807.5,31,260.54,459.52,74.00,TRANSIT_OUT,relay,3
807.5,33,84.59,445.72,73.93,TRANSIT_OUT,relay,2
808.0,10,154.17,500.00,51.00,ON_STATION,relay,2
808.0,9,231.25,500.00,51.00,ON_STATION,relay,3
808.0,31,260.83,462.00,74.00,TRANSIT_OUT,relay,3
808.0,33,87.08,445.94,73.93,TRANSIT_OUT,relay,2
808.5,10,154.17,500.00,51.00,ON_STATION,relay,2
808.5,9,231.25,500.00,51.00,ON_STATION,relay,3
808.5,31,261.12,464.48,74.00,TRANSIT_OUT,relay,3
808.5,33,89.57,446.17,73.94,TRANSIT_OUT,relay,2
809.0,10,154.17,500.00,51.00,ON_STATION,relay,2
809.0,9,231.25,500.00,51.00,ON_STATION,relay,3
809.0,31,261.41,466.97,74.00,TRANSIT_OUT,relay,3
809.0,33,92.06,446.39,73.94,TRANSIT_OUT,relay,2
809.5,10,154.17,500.00,51.00,ON_STATION,relay,2
809.5,9,231.25,500.00,51.00,ON_STATION,relay,3
809.5,31,261.70,469.45,74.00,TRANSIT_OUT,relay,3
809.5,33,94.55,446.61,73.94,TRANSIT_OUT,relay,2
810.0,10,154.17,500.00,51.00,ON_STATION,relay,2
810.0,9,231.25,500.00,51.00,ON_STATION,relay,3
810.0,31,261.99,471.93,74.00,TRANSIT_OUT,relay,3
810.0,33,97.04,446.84,73.94,TRANSIT_OUT,relay,2
810.5,10,154.17,500.00,51.00,ON_STATION,relay,2
810.5,9,231.25,500.00,51.00,ON_STATION,relay,3
810.5,31,262.28,474.42,74.00,TRANSIT_OUT,relay,3
810.5,33,99.53,447.06,73.94,TRANSIT_OUT,relay,2
811.0,10,154.17,500.00,51.00,ON_STATION,relay,2
811.0,9,231.25,500.00,51.00,ON_STATION,relay,3
811.0,31,262.56,476.90,74.00,TRANSIT_OUT,relay,3
811.0,33,102.02,447.28,73.94,TRANSIT_OUT,relay,2
811.5,10,154.17,500.00,51.00,ON_STATION,relay,2
811.5,9,231.25,500.00,51.00,ON_STATION,relay,3
811.5,31,262.85,479.38,74.00,TRANSIT_OUT,relay,3
811.5,33,104.51,447.51,73.94,TRANSIT_OUT,relay,2
812.0,10,154.17,500.00,51.00,ON_STATION,relay,2
812.0,9,231.25,500.00,51.00,ON_STATION,relay,3
812.0,31,263.14,481.87,74.00,TRANSIT_OUT,relay,3
812.0,33,107.00,447.73,73.95,TRANSIT_OUT,relay,2
812.5,10,154.17,500.00,51.00,ON_STATION,relay,2
812.5,9,231.25,500.00,51.00,ON_STATION,relay,3
812.5,31,263.43,484.35,74.00,TRANSIT_OUT,relay,3
812.5,33,109.49,447.95,73.95,TRANSIT_OUT,relay,2
813.0,10,154.17,500.00,51.00,ON_STATION,relay,2
813.0,9,231.25,500.00,51.00,ON_STATION,relay,3
813.0,31,263.72,486.83,74.00,TRANSIT_OUT,relay,3
813.0,33,111.98,448.17,73.95,TRANSIT_OUT,relay,2
813.5,10,154.17,500.00,51.00,ON_STATION,relay,2
813.5,9,231.25,500.00,51.00,ON_STATION,relay,3
813.5,31,264.01,489.32,74.00,TRANSIT_OUT,relay,3
813.5,33,114.47,448.40,73.95,TRANSIT_OUT,relay,2
814.0,10,154.17,500.00,51.00,ON_STATION,relay,2
814.0,9,231.25,500.00,51.00,ON_STATION,relay,3
814.0,31,264.30,491.80,74.00,TRANSIT_OUT,relay,3
814.0,33,116.96,448.62,73.95,TRANSIT_OUT,relay,2
814.5,10,154.17,500.00,51.00,ON_STATION,relay,2
814.5,9,231.25,500.00,51.00,ON_STATION,relay,3
814.5,31,264.59,494.28,74.00,TRANSIT_OUT,relay,3
814.5,33,119.45,448.84,73.95,TRANSIT_OUT,relay,2
815.0,10,154.17,500.00,51.00,ON_STATION,relay,2
815.0,9,231.25,500.00,51.00,ON_STATION,relay,3
815.0,31,264.87,496.77,74.00,APPROACH,relay,3
815.0,33,121.94,449.07,73.95,TRANSIT_OUT,relay,2
815.5,10,154.17,500.00,51.00,ON_STATION,relay,2
815.5,9,231.25,500.00,51.00,ON_STATION,relay,3
815.5,31,265.08,498.51,73.34,APPROACH,relay,3
815.5,33,124.43,449.29,73.95,TRANSIT_OUT,relay,2
816.0,10,154.17,500.00,51.00,ON_STATION,relay,2
816.0,9,231.25,500.00,51.00,ON_STATION,relay,3
816.0,31,265.18,499.40,72.15,APPROACH,relay,3
816.0,33,126.92,449.51,73.96,TRANSIT_OUT,relay,2
816.5,10,154.17,500.00,51.00,ON_STATION,relay,2
816.5,9,231.25,500.00,51.00,ON_STATION,relay,3
816.5,31,265.20,499.55,70.65,APPROACH,relay,3
816.5,33,129.41,449.74,73.96,TRANSIT_OUT,relay,2
817.0,10,154.17,500.00,51.00,ON_STATION,relay,2
817.0,9,231.25,500.00,51.00,ON_STATION,relay,3
817.0,31,265.21,499.66,69.15,APPROACH,relay,3
817.0,33,131.90,449.96,73.96,TRANSIT_OUT,relay,2
817.5,10,154.17,500.00,51.00,ON_STATION,relay,2
817.5,9,231.25,500.00,51.00,ON_STATION,relay,3
817.5,31,265.22,499.75,67.65,APPROACH,relay,3
817.5,33,134.39,450.18,73.96,TRANSIT_OUT,relay,2
818.0,10,154.17,500.00,51.00,ON_STATION,relay,2
818.0,9,231.25,500.00,51.00,ON_STATION,relay,3
818.0,31,265.23,499.81,66.15,APPROACH,relay,3
818.0,33,136.88,450.41,73.96,TRANSIT_OUT,relay,2
818.5,10,154.17,500.00,51.00,ON_STATION,relay,2
818.5,9,231.25,500.00,51.00,ON_STATION,relay,3
818.5,31,265.23,499.86,64.65,APPROACH,relay,3
818.5,33,139.37,450.63,73.96,TRANSIT_OUT,relay,2
819.0,10,154.17,500.00,51.00,ON_STATION,relay,2
819.0,9,231.25,500.00,51.00,ON_STATION,relay,3
819.0,31,265.24,499.89,63.15,APPROACH,relay,3
819.0,33,141.86,450.85,73.97,TRANSIT_OUT,relay,2
819.5,10,154.17,500.00,51.00,ON_STATION,relay,2
819.5,9,231.25,500.00,51.00,ON_STATION,relay,3
819.5,31,265.24,499.92,61.65,APPROACH,relay,3
819.5,33,144.35,451.07,73.97,TRANSIT_OUT,relay,2
820.0,10,154.17,500.00,51.00,ON_STATION,relay,2
820.0,9,231.25,500.00,51.00,ON_STATION,relay,3
820.0,31,265.24,499.94,60.15,APPROACH,relay,3
820.0,33,146.84,451.30,73.97,TRANSIT_OUT,relay,2
820.5,10,154.17,500.00,51.00,ON_STATION,relay,2
820.5,9,231.25,500.00,51.00,ON_STATION,relay,3
820.5,31,265.24,499.95,58.65,APPROACH,relay,3
820.5,33,149.33,451.52,73.97,TRANSIT_OUT,relay,2
821.0,10,154.17,500.00,51.00,ON_STATION,relay,2
821.0,9,231.25,500.00,51.00,ON_STATION,relay,3
821.0,31,265.25,499.97,57.15,APPROACH,relay,3
821.0,33,151.82,451.74,73.97,TRANSIT_OUT,relay,2
821.5,10,154.17,500.00,51.00,ON_STATION,relay,2
821.5,9,231.25,500.00,51.00,ON_STATION,relay,3
821.5,31,265.25,499.97,55.65,APPROACH,relay,3
821.5,33,154.31,451.97,73.97,TRANSIT_OUT,relay,2
822.0,10,154.17,500.00,51.00,ON_STATION,relay,2
822.0,9,231.25,500.00,51.00,ON_STATION,relay,3
822.0,31,265.25,499.98,54.15,APPROACH,relay,3
822.0,33,156.80,452.19,73.97,TRANSIT_OUT,relay,2
822.5,10,154.17,500.00,51.00,ON_STATION,relay,2
822.5,9,231.25,500.00,51.00,ON_STATION,relay,3
822.5,31,265.25,499.99,52.89,APPROACH,relay,3
822.5,33,159.29,452.41,73.98,TRANSIT_OUT,relay,2
823.0,10,154.17,500.00,51.00,ON_STATION,relay,2
823.0,9,231.25,500.00,51.00,ON_STATION,relay,3
823.0,31,265.25,499.99,52.13,APPROACH,relay,3
823.0,33,161.78,452.64,73.98,TRANSIT_OUT,relay,2
823.5,10,154.17,500.00,51.00,ON_STATION,relay,2
823.5,9,231.25,500.00,51.00,ON_STATION,relay,3
823.5,31,265.25,499.99,51.68,APPROACH,relay,3
823.5,33,164.27,452.86,73.98,TRANSIT_OUT,relay,2
824.0,10,154.17,500.00,51.00,ON_STATION,relay,2
824.0,9,231.25,500.00,51.00,ON_STATION,relay,3
824.0,31,265.25,499.99,51.41,HANDOVER_WAIT,relay,3
824.0,33,166.76,453.08,73.98,TRANSIT_OUT,relay,2
824.5,10,154.17,500.00,51.00,ON_STATION,relay,2
824.5,9,231.25,500.00,51.00,ON_STATION,relay,3
824.5,31,265.25,500.00,51.25,HANDOVER_WAIT,relay,3
824.5,33,169.25,453.31,73.98,TRANSIT_OUT,relay,2
825.0,10,154.17,500.00,51.00,ON_STATION,relay,2
825.0,9,231.25,500.00,51.00,ON_STATION,relay,3
825.0,31,265.25,500.00,51.15,HANDOVER_WAIT,relay,3
825.0,33,171.74,453.53,73.98,TRANSIT_OUT,relay,2
825.5,10,154.17,500.00,51.00,ON_STATION,relay,2
825.5,9,231.25,500.00,51.00,ON_STATION,relay,3
825.5,31,265.25,500.00,51.09,HANDOVER_WAIT,relay,3
825.5,33,174.23,453.75,73.99,TRANSIT_OUT,relay,2
826.0,10,154.17,500.00,51.00,ON_STATION,relay,2
826.0,9,231.25,500.00,51.00,ON_STATION,relay,3
826.0,31,265.25,500.00,51.05,HANDOVER_WAIT,relay,3
826.0,33,176.72,453.97,73.99,TRANSIT_OUT,relay,2
826.5,10,154.17,500.00,51.00,ON_STATION,relay,2
826.5,9,231.25,500.00,51.00,ON_STATION,relay,3
826.5,31,265.25,500.00,51.03,HANDOVER_WAIT,relay,3
826.5,33,179.21,454.20,73.99,TRANSIT_OUT,relay,2
827.0,10,154.17,500.00,51.00,ON_STATION,relay,2
827.0,9,231.25,500.00,51.00,ON_STATION,relay,3
827.0,31,265.25,500.00,51.02,HANDOVER_WAIT,relay,3
827.0,33,181.03,455.16,73.99,TRANSIT_OUT,relay,2
827.5,10,154.17,500.00,51.00,ON_STATION,relay,2
827.5,9,231.25,501.00,51.00,VACATE,,
827.5,31,265.25,500.00,51.01,ON_STATION,relay,3
827.5,33,182.16,456.85,73.99,TRANSIT_OUT,relay,2
828.0,10,154.17,500.00,51.00,ON_STATION,relay,2
828.0,9,231.25,503.00,51.00,VACATE,,
828.0,31,265.25,500.00,51.01,ON_STATION,relay,3
828.0,33,182.59,459.25,73.99,TRANSIT_OUT,relay,2
828.5,10,154.17,500.00,51.00,ON_STATION,relay,2
828.5,9,231.25,505.50,51.00,VACATE,,
828.5,31,265.25,500.00,51.00,ON_STATION,relay,3
828.5,33,182.92,461.73,73.99,TRANSIT_OUT,relay,2
829.0,10,154.17,500.00,51.00,ON_STATION,relay,2
829.0,9,231.25,508.00,51.00,VACATE,,
829.0,31,265.25,500.00,51.00,ON_STATION,relay,3
829.0,33,183.26,464.21,73.99,TRANSIT_OUT,relay,2
829.5,10,154.17,500.00,51.00,ON_STATION,relay,2
829.5,9,231.25,510.50,51.00,VACATE,,
829.5,31,265.25,500.00,51.00,ON_STATION,relay,3
829.5,33,183.60,466.68,73.99,TRANSIT_OUT,relay,2
830.0,10,154.17,500.00,51.00,ON_STATION,relay,2
830.0,9,231.25,513.00,51.00,VACATE,,
830.0,31,265.25,500.00,51.00,ON_STATION,relay,3
830.0,33,183.94,469.16,73.99,TRANSIT_OUT,relay,2
830.5,10,154.17,500.00,51.00,ON_STATION,relay,2
830.5,9,231.25,515.50,51.00,VACATE,,
830.5,31,265.25,500.00,51.00,ON_STATION,relay,3
830.5,33,184.28,471.64,73.99,TRANSIT_OUT,relay,2
831.0,10,154.17,500.00,51.00,ON_STATION,relay,2
831.0,9,231.25,518.00,51.00,VACATE,,
831.0,31,265.25,500.00,51.00,ON_STATION,relay,3
831.0,33,184.62,474.11,74.00,TRANSIT_OUT,relay,2
831.5,10,154.17,500.00,51.00,ON_STATION,relay,2
831.5,9,231.25,520.50,51.00,VACATE,,
831.5,31,265.25,500.00,51.00,ON_STATION,relay,3
831.5,33,184.96,476.59,74.00,TRANSIT_OUT,relay,2
832.0,10,154.17,500.00,51.00,ON_STATION,relay,2
832.0,9,231.25,523.00,51.00,VACATE,,
832.0,31,265.25,500.00,51.00,ON_STATION,relay,3
832.0,33,185.30,479.07,74.00,TRANSIT_OUT,relay,2
832.5,10,154.17,500.00,51.00,ON_STATION,relay,2
832.5,9,231.25,525.50,51.00,VACATE,,
832.5,31,265.25,500.00,51.00,ON_STATION,relay,3
832.5,33,185.64,481.54,74.00,TRANSIT_OUT,relay,2
833.0,10,154.17,500.00,51.00,ON_STATION,relay,2
833.0,9,231.25,528.00,51.00,VACATE,,
833.0,31,264.25,500.00,51.00,ON_STATION,relay,3
833.0,33,185.98,484.02,74.00,TRANSIT_OUT,relay,2
833.5,10,154.17,500.00,51.00,ON_STATION,relay,2
833.5,9,231.25,530.50,51.00,VACATE,,
833.5,31,262.25,500.00,51.00,ON_STATION,relay,3
833.5,33,186.32,486.50,74.00,TRANSIT_OUT,relay,2
834.0,10,154.17,500.00,51.00,ON_STATION,relay,2
834.0,9,231.25,532.87,51.00,VACATE,,
834.0,31,259.75,500.00,51.00,ON_STATION,relay,3
834.0,33,186.66,488.97,74.00,TRANSIT_OUT,relay,2
834.5,10,154.17,500.00,51.00,ON_STATION,relay,2
834.5,9,231.25,534.66,51.00,VACATE,,
834.5,31,257.25,500.00,51.00,ON_STATION,relay,3
834.5,33,187.00,491.45,74.00,TRANSIT_OUT,relay,2
835.0,10,154.17,500.00,51.00,ON_STATION,relay,2
835.0,9,231.25,535.99,51.00,VACATE,,
835.0,31,254.75,500.00,51.00,ON_STATION,relay,3
835.0,33,187.33,493.93,74.00,TRANSIT_OUT,relay,2
835.5,10,154.17,500.00,51.00,ON_STATION,relay,2
835.5,9,231.25,537.11,51.98,VACATE,,
835.5,31,252.25,500.00,51.00,ON_STATION,relay,3
835.5,33,187.67,496.40,74.00,APPROACH,relay,2
836.0,10,154.17,500.00,51.00,ON_STATION,relay,2
836.0,9,231.25,537.83,53.48,VACATE,,
836.0,31,249.75,500.00,51.00,ON_STATION,relay,3
836.0,33,187.91,498.16,73.31,APPROACH,relay,2
836.5,10,154.17,500.00,51.00,ON_STATION,relay,2
836.5,9,231.25,538.37,54.98,VACATE,,
836.5,31,247.25,500.00,51.00,ON_STATION,relay,3
836.5,33,188.04,499.08,72.10,APPROACH,relay,2
837.0,10,154.17,500.00,51.00,ON_STATION,relay,2
837.0,9,231.25,538.78,56.48,VACATE,,
837.0,31,244.75,500.00,51.00,ON_STATION,relay,3
837.0,33,188.07,499.31,70.60,APPROACH,relay,2
837.5,10,154.17,500.00,51.00,ON_STATION,relay,2
837.5,9,231.25,539.09,57.98,VACATE,,
837.5,31,242.25,500.00,51.00,ON_STATION,relay,3
837.5,33,188.10,499.48,69.10,APPROACH,relay,2
838.0,10,154.17,500.00,51.00,ON_STATION,relay,2
838.0,9,231.25,539.31,59.48,VACATE,,
838.0,31,239.75,500.00,51.00,ON_STATION,relay,3
838.0,33,188.11,499.61,67.60,APPROACH,relay,2
838.5,10,154.17,500.00,51.00,ON_STATION,relay,2
838.5,9,231.25,539.49,60.98,VACATE,,
838.5,31,237.62,500.00,51.00,ON_STATION,relay,3
838.5,33,188.13,499.71,66.10,APPROACH,relay,2
839.0,10,154.17,500.00,51.00,ON_STATION,relay,2
839.0,9,231.25,539.61,62.48,VACATE,,
839.0,31,236.03,500.00,51.00,ON_STATION,relay,3
839.0,33,188.14,499.78,64.60,APPROACH,relay,2
839.5,10,154.17,500.00,51.00,ON_STATION,relay,2
839.5,9,231.25,539.71,63.98,VACATE,,
839.5,31,234.84,500.00,51.00,ON_STATION,relay,3
839.5,33,188.14,499.84,63.10,APPROACH,relay,2
840.0,10,154.17,500.00,51.00,ON_STATION,relay,2
840.0,9,231.25,539.78,65.48,VACATE,,
840.0,31,233.94,500.00,51.00,ON_STATION,relay,3
840.0,33,188.15,499.88,61.60,APPROACH,relay,2
840.5,10,154.17,500.00,51.00,ON_STATION,relay,2
840.5,9,231.25,539.84,66.98,VACATE,,
840.5,31,233.27,500.00,51.00,ON_STATION,relay,3
840.5,33,188.15,499.91,60.10,APPROACH,relay,2
841.0,10,154.17,500.00,51.00,ON_STATION,relay,2
841.0,9,231.25,539.88,68.48,VACATE,,
841.0,31,232.76,500.00,51.00,ON_STATION,relay,3
841.0,33,188.16,499.93,58.60,APPROACH,relay,2
841.5,10,154.17,500.00,51.00,ON_STATION,relay,2
841.5,9,231.25,539.91,69.98,VACATE,,
841.5,31,232.38,500.00,51.00,ON_STATION,relay,3
841.5,33,188.16,499.95,57.10,APPROACH,relay,2
842.0,10,154.17,500.00,51.00,ON_STATION,relay,2
842.0,9,231.25,539.93,71.48,VACATE,,
842.0,31,232.10,500.00,51.00,ON_STATION,relay,3
842.0,33,188.16,499.96,55.60,APPROACH,relay,2
842.5,10,154.17,500.00,51.00,ON_STATION,relay,2
842.5,9,231.25,539.95,72.98,VACATE,,
842.5,31,231.89,500.00,51.00,ON_STATION,relay,3
842.5,33,188.16,499.97,54.10,APPROACH,relay,2
843.0,10,154.17,500.00,51.00,ON_STATION,relay,2
843.0,9,231.25,539.96,74.48,VACATE,,
843.0,31,231.73,500.00,51.00,ON_STATION,relay,3
843.0,33,188.16,499.98,52.86,APPROACH,relay,2
843.5,10,154.17,500.00,51.00,ON_STATION,relay,2
843.5,9,231.25,539.97,75.98,VACATE,,
843.5,31,231.61,500.00,51.00,ON_STATION,relay,3
843.5,33,188.16,499.98,52.12,APPROACH,relay,2
844.0,10,154.17,500.00,51.00,ON_STATION,relay,2
844.0,9,231.25,539.98,77.48,VACATE,,
844.0,31,231.52,500.00,51.00,ON_STATION,relay,3
844.0,33,188.16,499.99,51.67,APPROACH,relay,2
844.5,10,154.17,500.00,51.00,ON_STATION,relay,2
844.5,9,231.25,539.98,78.98,VACATE,,
844.5,31,231.45,500.00,51.00,ON_STATION,relay,3
844.5,33,188.17,499.99,51.40,HANDOVER_WAIT,relay,2
845.0,10,154.17,501.00,51.00,VACATE,,
845.0,9,231.25,539.99,80.48,VACATE,,
845.0,31,231.40,500.00,51.00,ON_STATION,relay,3
845.0,33,188.17,499.99,51.24,ON_STATION,relay,2
845.5,10,154.17,503.00,51.00,VACATE,,
845.5,9,231.25,539.99,81.98,VACATE,,
845.5,31,231.36,500.00,51.00,ON_STATION,relay,3
845.5,33,188.17,499.99,51.14,ON_STATION,relay,2
846.0,10,154.17,505.50,51.00,VACATE,,
846.0,9,231.25,539.99,83.48,VACATE,,
846.0,31,231.34,500.00,51.00,ON_STATION,relay,3
846.0,33,188.17,500.00,51.09,ON_STATION,relay,2
846.5,10,154.17,508.00,51.00,VACATE,,
846.5,9,231.25,539.99,84.98,VACATE,,
846.5,31,231.31,500.00,51.00,ON_STATION,relay,3
846.5,33,188.17,500.00,51.05,ON_STATION,relay,2
847.0,10,154.17,510.50,51.00,VACATE,,
847.0,9,231.25,540.00,86.48,VACATE,,
847.0,31,231.30,500.00,51.00,ON_STATION,relay,3
847.0,33,188.17,500.00,51.03,ON_STATION,relay,2
847.5,10,154.17,513.00,51.00,VACATE,,
847.5,9,231.25,540.00,87.98,VACATE,,
847.5,31,231.29,500.00,51.00,ON_STATION,relay,3
847.5,33,188.17,500.00,51.02,ON_STATION,relay,2
848.0,10,154.17,515.50,51.00,VACATE,,
848.0,9,231.25,540.00,89.48,VACATE,,
848.0,31,231.28,500.00,51.00,ON_STATION,relay,3
848.0,33,188.17,500.00,51.01,ON_STATION,relay,2
848.5,10,154.17,518.00,51.00,VACATE,,
848.5,9,231.25,540.00,90.98,VACATE,,
848.5,31,231.27,500.00,51.00,ON_STATION,relay,3
848.5,33,188.17,500.00,51.01,ON_STATION,relay,2
849.0,10,154.17,520.50,51.00,VACATE,,
849.0,9,231.25,540.00,92.48,VACATE,,
849.0,31,231.27,500.00,51.00,ON_STATION,relay,3
849.0,33,188.17,500.00,51.00,ON_STATION,relay,2
849.5,10,154.17,523.00,51.00,VACATE,,
849.5,9,231.25,540.00,93.98,VACATE,,
849.5,31,231.26,500.00,51.00,ON_STATION,relay,3
849.5,33,188.17,500.00,51.00,ON_STATION,relay,2
850.0,10,154.17,525.50,51.00,VACATE,,
850.0,9,231.25,540.00,95.19,VACATE,,
850.0,31,231.26,500.00,51.00,ON_STATION,relay,3
850.0,33,188.17,500.00,51.00,ON_STATION,relay,2
850.5,10,154.17,528.00,51.00,VACATE,,
850.5,9,231.25,540.00,95.91,VACATE,,
850.5,31,231.26,500.00,51.00,ON_STATION,relay,3
850.5,33,187.17,500.00,51.00,ON_STATION,relay,2
851.0,10,154.17,530.50,51.00,VACATE,,
851.0,9,231.25,540.00,96.35,VACATE,,
851.0,31,231.25,500.00,51.00,ON_STATION,relay,3
851.0,33,185.17,500.00,51.00,ON_STATION,relay,2
851.5,10,154.17,532.88,51.00,VACATE,,
851.5,9,231.25,540.00,96.61,VACATE,,
851.5,31,231.25,500.00,51.00,ON_STATION,relay,3
851.5,33,182.67,500.00,51.00,ON_STATION,relay,2
852.0,10,154.17,534.66,51.00,VACATE,,
852.0,9,231.25,540.00,96.76,TRANSIT_HOME,,
852.0,31,231.25,500.00,51.00,ON_STATION,relay,3
852.0,33,180.17,500.00,51.00,ON_STATION,relay,2
852.5,10,154.17,535.99,51.00,VACATE,,
852.5,9,230.25,539.94,96.86,TRANSIT_HOME,,
852.5,31,231.25,500.00,51.00,ON_STATION,relay,3
852.5,33,177.67,500.00,51.00,ON_STATION,relay,2
853.0,10,154.17,537.11,51.98,VACATE,,
853.0,9,228.26,539.83,96.89,TRANSIT_HOME,,
853.0,31,231.25,500.00,51.00,ON_STATION,relay,3
853.0,33,175.17,500.00,51.00,ON_STATION,relay,2
853.5,10,154.17,537.83,53.48,VACATE,,
853.5,9,225.76,539.69,96.89,TRANSIT_HOME,,
853.5,31,231.25,500.00,51.00,ON_STATION,relay,3
853.5,33,172.67,500.00,51.00,ON_STATION,relay,2
854.0,10,154.17,538.37,54.98,VACATE,,
854.0,9,223.27,539.54,96.89,TRANSIT_HOME,,
854.0,31,231.25,500.00,51.00,ON_STATION,relay,3
854.0,33,170.17,500.00,51.00,ON_STATION,relay,2
854.5,10,154.17,538.78,56.48,VACATE,,
854.5,9,220.77,539.40,96.89,TRANSIT_HOME,,
854.5,31,231.25,500.00,51.00,ON_STATION,relay,3
854.5,33,167.67,500.00,51.00,ON_STATION,relay,2
855.0,10,154.17,539.09,57.98,VACATE,,
855.0,9,218.28,539.26,96.90,TRANSIT_HOME,,
855.0,31,231.25,500.00,51.00,ON_STATION,relay,3
855.0,33,165.17,500.00,51.00,ON_STATION,relay,2
855.5,10,154.17,539.31,59.48,VACATE,,
855.5,9,215.78,539.12,96.90,TRANSIT_HOME,,
855.5,31,231.25,500.00,51.00,ON_STATION,relay,3
855.5,33,162.67,500.00,51.00,ON_STATION,relay,2
856.0,10,154.17,539.49,60.98,VACATE,,
856.0,9,213.29,538.97,96.90,TRANSIT_HOME,,
856.0,31,231.25,500.00,51.00,ON_STATION,relay,3
856.0,33,160.54,500.00,51.00,ON_STATION,relay,2
856.5,10,154.17,539.61,62.48,VACATE,,
856.5,9,210.79,538.83,96.90,TRANSIT_HOME,,
856.5,31,231.25,500.00,51.00,ON_STATION,relay,3
856.5,33,158.95,500.00,51.00,ON_STATION,relay,2
857.0,10,154.17,539.71,63.98,VACATE,,
857.0,9,208.29,538.69,96.90,TRANSIT_HOME,,
857.0,31,231.25,500.00,51.00,ON_STATION,relay,3
857.0,33,157.75,500.00,51.00,ON_STATION,relay,2
857.5,10,154.17,539.78,65.48,VACATE,,
857.5,9,205.80,538.55,96.90,TRANSIT_HOME,,
857.5,31,231.25,500.00,51.00,ON_STATION,relay,3
857.5,33,156.86,500.00,51.00,ON_STATION,relay,2
858.0,10,154.17,539.84,66.98,VACATE,,
858.0,9,203.30,538.40,96.90,TRANSIT_HOME,,
858.0,31,231.25,500.00,51.00,ON_STATION,relay,3
858.0,33,156.18,500.00,51.00,ON_STATION,relay,2
858.5,10,154.17,539.88,68.48,VACATE,,
858.5,9,200.81,538.26,96.90,TRANSIT_HOME,,
858.5,31,231.25,500.00,51.00,ON_STATION,relay,3
858.5,33,155.68,500.00,51.00,ON_STATION,relay,2
859.0,10,154.17,539.91,69.98,VACATE,,
859.0,9,198.31,538.12,96.90,TRANSIT_HOME,,
859.0,31,231.25,500.00,51.00,ON_STATION,relay,3
859.0,33,155.30,500.00,51.00,ON_STATION,relay,2
859.5,10,154.17,539.93,71.48,VACATE,,
859.5,9,195.81,537.98,96.90,TRANSIT_HOME,,
859.5,31,231.25,500.00,51.00,ON_STATION,relay,3
859.5,33,155.02,500.00,51.00,ON_STATION,relay,2
860.0,10,154.17,539.95,72.98,VACATE,,
860.0,9,193.32,537.83,96.90,TRANSIT_HOME,,
860.0,31,231.25,500.00,51.00,ON_STATION,relay,3
860.0,33,154.80,500.00,51.00,ON_STATION,relay,2
860.5,10,154.08,539.97,74.44,VACATE,,
860.5,9,191.70,537.64,97.38,TRANSIT_HOME,,
860.5,31,231.25,500.00,51.00,ON_STATION,relay,3
860.5,33,154.65,500.00,51.00,ON_STATION,relay,2
861.0,10,153.89,539.99,75.85,VACATE,,
861.0,9,191.03,537.39,98.17,TRANSIT_HOME,,
861.0,31,231.25,500.00,51.00,ON_STATION,relay,3
861.0,33,154.53,500.00,51.00,ON_STATION,relay,2
861.5,10,153.68,540.01,77.24,VACATE,,
861.5,9,191.33,537.08,99.20,TRANSIT_HOME,,
861.5,31,231.25,500.00,51.00,ON_STATION,relay,3
861.5,33,154.44,500.00,51.00,ON_STATION,relay,2
862.0,10,153.52,540.03,78.63,VACATE,,
862.0,9,192.60,536.67,100.00,TRANSIT_HOME,,
862.0,31,231.25,500.00,51.00,ON_STATION,relay,3
862.0,33,154.37,500.00,51.00,ON_STATION,relay,2
862.5,10,153.45,540.04,80.05,VACATE,,
862.5,9,194.32,536.18,100.00,TRANSIT_HOME,,
862.5,31,231.25,500.00,51.00,ON_STATION,relay,3
862.5,33,154.32,500.00,51.00,ON_STATION,relay,2
863.0,10,153.46,540.05,81.49,VACATE,,
863.0,9,195.54,535.70,100.00,TRANSIT_HOME,,
863.0,31,231.25,500.00,51.00,ON_STATION,relay,3
863.0,33,154.28,500.00,51.00,ON_STATION,relay,2
863.5,10,153.51,540.05,82.96,VACATE,,
863.5,9,196.40,535.24,100.00,TRANSIT_HOME,,
863.5,31,231.25,500.00,51.00,ON_STATION,relay,3
863.5,33,154.25,500.00,51.00,ON_STATION,relay,2
864.0,10,153.57,540.05,84.43,VACATE,,
864.0,9,197.02,534.77,100.00,TRANSIT_HOME,,
864.0,31,231.25,500.00,51.00,ON_STATION,relay,3
864.0,33,154.23,500.00,51.00,ON_STATION,relay,2
864.5,10,153.65,540.05,85.91,VACATE,,
864.5,9,197.47,534.30,100.00,TRANSIT_HOME,,
864.5,31,231.25,500.00,51.00,ON_STATION,relay,3
864.5,33,154.21,500.00,51.00,ON_STATION,relay,2
865.0,10,153.72,540.04,87.40,VACATE,,
865.0,9,197.78,533.83,100.00,TRANSIT_HOME,,
865.0,31,231.25,500.00,51.00,ON_STATION,relay,3
865.0,33,154.20,500.00,51.00,ON_STATION,relay,2
865.5,10,153.79,540.04,88.89,VACATE,,
865.5,9,197.98,533.35,100.00,TRANSIT_HOME,,
865.5,31,231.25,500.00,51.00,ON_STATION,relay,3
865.5,33,154.19,500.00,51.00,ON_STATION,relay,2
866.0,10,153.85,540.03,90.39,VACATE,,
866.0,9,198.07,532.87,100.00,TRANSIT_HOME,,
866.0,31,231.25,500.00,51.00,ON_STATION,relay,3
866.0,33,154.19,500.00,51.00,ON_STATION,relay,2
866.5,10,153.91,540.03,91.88,VACATE,,
866.5,9,198.06,532.37,100.00,TRANSIT_HOME,,
866.5,31,231.25,500.00,51.00,ON_STATION,relay,3
866.5,33,154.18,500.00,51.00,ON_STATION,relay,2
867.0,10,153.97,540.02,93.38,VACATE,,
867.0,9,197.96,531.87,100.00,TRANSIT_HOME,,
867.0,31,231.25,500.00,51.00,ON_STATION,relay,3
867.0,33,154.18,500.00,51.00,ON_STATION,relay,2
867.5,10,154.02,540.02,94.83,VACATE,,
867.5,9,196.89,531.54,100.00,TRANSIT_HOME,,
867.5,31,231.25,500.00,51.00,ON_STATION,relay,3
867.5,33,154.18,500.00,51.00,ON_STATION,relay,2
868.0,10,153.99,540.03,95.69,VACATE,,
868.0,9,196.80,531.00,100.00,TRANSIT_HOME,,
868.0,31,231.25,500.00,51.00,ON_STATION,relay,3
868.0,33,154.17,500.00,51.00,ON_STATION,relay,2
868.5,10,153.97,540.03,96.21,VACATE,,
868.5,9,197.29,530.30,100.00,TRANSIT_HOME,,
868.5,31,231.25,500.00,51.00,ON_STATION,relay,3
868.5,33,154.17,500.00,51.00,ON_STATION,relay,2
869.0,10,154.01,540.03,96.53,VACATE,,
869.0,9,197.26,529.68,100.00,TRANSIT_HOME,,
869.0,31,231.25,500.00,51.00,ON_STATION,relay,3
869.0,33,154.17,500.00,51.00,ON_STATION,relay,2
869.5,10,154.05,540.02,96.72,TRANSIT_HOME,,
869.5,9,196.26,529.28,100.00,TRANSIT_HOME,,
869.5,31,231.25,500.00,51.00,ON_STATION,relay,3
869.5,33,154.17,500.00,51.00,ON_STATION,relay,2
870.0,10,153.17,539.62,96.83,TRANSIT_HOME,,
870.0,9,194.29,529.11,100.00,TRANSIT_HOME,,
870.0,31,231.25,500.00,51.00,ON_STATION,relay,3
870.0,33,154.17,500.00,51.00,ON_STATION,relay,2
870.5,10,151.37,538.84,96.87,TRANSIT_HOME,,
870.5,9,191.79,529.06,99.98,TRANSIT_HOME,,
870.5,31,231.25,500.00,51.00,ON_STATION,relay,3
870.5,33,154.17,500.00,51.00,ON_STATION,relay,2
871.0,10,149.08,537.85,96.87,TRANSIT_HOME,,
871.0,9,189.29,529.00,99.95,TRANSIT_HOME,,
871.0,31,231.25,500.00,51.00,ON_STATION,relay,3
871.0,33,154.17,500.00,51.00,ON_STATION,relay,2
871.5,10,146.78,536.85,96.88,TRANSIT_HOME,,
871.5,9,186.79,528.95,99.93,TRANSIT_HOME,,
871.5,31,231.25,500.00,51.00,ON_STATION,relay,3
871.5,33,154.17,500.00,51.00,ON_STATION,relay,2
872.0,10,144.49,535.86,96.88,TRANSIT_HOME,,
872.0,9,184.29,528.90,99.90,TRANSIT_HOME,,
872.0,31,231.25,500.00,51.00,ON_STATION,relay,3
872.0,33,154.17,500.00,51.00,ON_STATION,relay,2
872.5,10,142.20,534.86,96.88,TRANSIT_HOME,,
872.5,9,181.79,528.85,99.88,TRANSIT_HOME,,
872.5,31,231.25,500.00,51.00,ON_STATION,relay,3
872.5,33,154.17,500.00,51.00,ON_STATION,relay,2
873.0,10,139.90,533.87,96.88,TRANSIT_HOME,,
873.0,9,179.29,528.79,99.85,TRANSIT_HOME,,
873.0,31,231.25,500.00,51.00,ON_STATION,relay,3
873.0,33,154.17,500.00,51.00,ON_STATION,relay,2
873.5,10,137.61,532.88,96.88,TRANSIT_HOME,,
873.5,9,176.79,528.74,99.83,TRANSIT_HOME,,
873.5,31,231.25,500.00,51.00,ON_STATION,relay,3
873.5,33,154.17,500.00,51.00,ON_STATION,relay,2
874.0,10,135.31,531.88,96.88,TRANSIT_HOME,,
874.0,9,174.29,528.69,99.80,TRANSIT_HOME,,
874.0,31,231.25,500.00,51.00,ON_STATION,relay,3
874.0,33,154.17,500.00,51.00,ON_STATION,relay,2
874.5,10,133.02,530.89,96.88,TRANSIT_HOME,,
874.5,9,171.80,528.64,99.78,TRANSIT_HOME,,
874.5,31,231.25,500.00,51.00,ON_STATION,relay,3
874.5,33,154.17,500.00,51.00,ON_STATION,relay,2
875.0,10,130.73,529.89,96.88,TRANSIT_HOME,,
875.0,9,169.30,528.58,99.75,TRANSIT_HOME,,
875.0,31,231.25,500.00,51.00,ON_STATION,relay,3
875.0,33,154.17,500.00,51.00,ON_STATION,relay,2
875.5,10,128.43,528.90,96.89,TRANSIT_HOME,,
875.5,9,166.80,528.53,99.73,TRANSIT_HOME,,
875.5,31,231.25,500.00,51.00,ON_STATION,relay,3
875.5,33,154.17,500.00,51.00,ON_STATION,relay,2
876.0,10,126.14,527.91,96.89,TRANSIT_HOME,,
876.0,9,164.30,528.48,99.70,TRANSIT_HOME,,
876.0,31,231.25,500.00,51.00,ON_STATION,relay,3
876.0,33,154.17,500.00,51.00,ON_STATION,relay,2
876.5,10,123.85,526.91,96.89,TRANSIT_HOME,,
876.5,9,161.80,528.43,99.68,TRANSIT_HOME,,
876.5,31,231.25,500.00,51.00,ON_STATION,relay,3
876.5,33,154.17,500.00,51.00,ON_STATION,relay,2
877.0,10,121.55,525.92,96.89,TRANSIT_HOME,,
877.0,9,159.30,528.37,99.65,TRANSIT_HOME,,
877.0,31,231.25,500.00,51.00,ON_STATION,relay,3
877.0,33,154.17,500.00,51.00,ON_STATION,relay,2
877.5,10,119.26,524.92,96.89,TRANSIT_HOME,,
877.5,9,156.80,528.32,99.62,TRANSIT_HOME,,
877.5,31,231.25,500.00,51.00,ON_STATION,relay,3
877.5,33,154.17,500.00,51.00,ON_STATION,relay,2
878.0,10,116.96,523.93,96.89,TRANSIT_HOME,,
878.0,9,154.30,528.27,99.60,TRANSIT_HOME,,
878.0,31,231.25,500.00,51.00,ON_STATION,relay,3
878.0,33,154.17,500.00,51.00,ON_STATION,relay,2
878.5,10,114.67,522.93,96.89,TRANSIT_HOME,,
878.5,9,151.80,528.22,99.57,TRANSIT_HOME,,
878.5,31,231.25,500.00,51.00,ON_STATION,relay,3
878.5,33,154.17,500.00,51.00,ON_STATION,relay,2
879.0,10,112.38,521.94,96.89,TRANSIT_HOME,,
879.0,9,149.30,528.16,99.55,TRANSIT_HOME,,
879.0,31,231.25,500.00,51.00,ON_STATION,relay,3
879.0,33,154.17,500.00,51.00,ON_STATION,relay,2
879.5,10,110.08,520.95,96.89,TRANSIT_HOME,,
879.5,9,146.80,528.11,99.52,TRANSIT_HOME,,
879.5,31,231.25,500.00,51.00,ON_STATION,relay,3
879.5,33,154.17,500.00,51.00,ON_STATION,relay,2
880.0,10,107.79,519.95,96.90,TRANSIT_HOME,,
880.0,9,144.30,528.06,99.50,TRANSIT_HOME,,
880.0,31,231.25,500.00,51.00,ON_STATION,relay,3
880.0,33,154.17,500.00,51.00,ON_STATION,relay,2
