mode,faults,seed,fleet_size,pois_total,pois_found,pois_reported,pois_on_time,pois_on_time_pct,report_delay_mean_s,report_delay_max_s,mission_completion_s,all_landed_by_45min,last_landing_s,uavs_lost,packets_sent,pdr_pct,telemetry_pdr_pct,report_pdr_pct,latency_mean_ms,latency_p95_ms,connectivity_availability_pct,all_surveyors_connected_pct,comm_downtime_surveyor_s,handovers,handovers_mbb,handover_gap_mean_s,handover_gap_max_s,handovers_zero_gap_pct,failures,recovery_mean_s,recovery_max_s,single_failure_tolerance_pct,single_failure_retention_pct,shadows_deployed,min_inter_uav_dist_m,separation_violations,separation_violation_pair_s,emergency_brakes,min_battery_pct,battery_depleted,geofence_violations,altitude_violations,geofence_interventions,proxy_score,wall_time_s
baseline,False,1,24,10,8,8,3,30.0,80.18715087844494,334.89953586700074,,True,2519.5,0,41522,74.85911083281152,74.85426603073662,100.0,170.89623970632002,343.36202143376437,31.677018633540374,19.338768115942027,10560.0,27,0,345.31481481481484,1266.5,0.0,0,,,3.0344202898550723,36.02366491916179,0,20.86031306287491,0,0.0,16,1.625,0,0,0,642,49.63980081369088,43.79937124252319
baseline,False,2,24,10,9,9,4,40.0,121.91779747934152,440.29622545784446,,True,2519.5,0,41523,74.86694121330348,74.86149250855134,100.0,185.76892694067868,343.90775979160657,31.677018633540374,19.338768115942027,10560.0,27,0,345.31481481481484,1266.5,0.0,0,,,3.0344202898550723,36.02366491916179,0,20.86031306287491,0,0.0,16,1.625,0,0,0,642,52.140290212471626,41.57417011260986
baseline,False,3,24,10,9,9,4,40.0,122.32810563182375,460.2518781742119,,True,2519.5,0,41523,74.86453290947186,74.85908368261309,100.0,185.8153306775692,342.57864296025036,31.677018633540374,19.338768115942027,10560.0,27,0,345.31481481481484,1266.5,0.0,0,,,3.0344202898550723,36.02366491916179,0,20.86031306287491,0,0.0,16,1.625,0,0,0,642,52.140139693482155,44.446248054504395
baseline,False,1,28,10,10,10,7,70.0,44.85805894023887,334.89953586700074,2007.194445636818,True,2522.0,0,44660,84.28347514554412,84.27995520716685,100.0,179.17836543941323,364.01998699955874,50.97049689440994,43.84057971014493,7578.0,28,0,194.66071428571428,278.5,0.0,0,,,1.585144927536232,36.259649384511135,0,19.794918794124527,1,1.5,21,2.0416666666666665,0,0,0,727,59.1552573949297,51.75577425956726
baseline,False,2,28,10,9,9,7,70.0,50.13582770164643,373.3888002718668,,True,2522.0,0,44659,84.30103674511297,84.29787234042553,100.0,179.44961348833812,365.7974585290714,50.97049689440994,43.84057971014493,7578.0,28,0,194.66071428571428,278.5,0.0,0,,,1.585144927536232,36.259649384511135,0,19.794918794124527,1,1.5,21,2.0416666666666665,0,0,0,727,57.90635499490275,51.52665901184082
baseline,False,3,28,10,9,9,7,70.0,12.646262096023811,96.42862384047339,,True,2522.0,0,44659,84.30103674511297,84.29787234042553,100.0,170.20639766401047,364.364940612381,50.97049689440994,43.84057971014493,7578.0,28,0,194.66071428571428,278.5,0.0,0,,,1.585144927536232,36.259649384511135,0,19.794918794124527,1,1.5,21,2.0416666666666665,0,0,0,727,57.90635499490275,51.42082333564758
baseline,False,1,32,10,10,10,7,70.0,44.85963619686087,334.89953586700074,2007.2292187597318,True,2528.5,0,45741,85.72615377888546,85.72303251623624,100.0,181.59557830976334,366.5676132400532,51.5527950310559,44.42934782608695,7488.0,28,0,191.58928571428572,278.5,0.0,0,,,1.585144927536232,36.732199607239515,0,19.794918794124527,1,1.5,12,2.0416666666666665,0,0,0,724,59.3477464655148,51.35658645629883
baseline,False,2,32,10,9,9,7,70.0,50.13171885291498,373.3888002718668,,True,2528.5,0,45740,85.71491036292086,85.71209901379808,100.0,181.73056564030207,366.7689691635157,51.5527950310559,44.42934782608695,7488.0,28,0,191.58928571428572,278.5,0.0,0,,,1.585144927536232,36.732199607239515,0,19.794918794124527,1,1.5,12,2.0416666666666665,0,0,0,724,58.09704375201701,50.702529191970825
baseline,False,3,32,10,9,9,8,80.0,10.978605638846565,96.42862384047339,,True,2528.5,0,45740,85.69304766069087,85.69023200892174,100.0,172.62041368207662,365.9791861646944,51.5527950310559,44.42934782608695,7488.0,28,0,191.58928571428572,278.5,0.0,0,,,1.585144927536232,36.732199607239515,0,19.794918794124527,1,1.5,12,2.0416666666666665,0,0,0,724,59.34567733312764,51.647040605545044
baseline,False,1,36,10,10,10,7,70.0,44.85339750586344,334.89953586700074,2007.2063326201567,True,2515.0,0,45862,86.01892634425015,86.0158771700253,100.0,181.07975641674952,363.9874368699669,50.94461697722567,41.757246376811594,7582.0,28,0,192.53571428571428,323.5,0.0,0,,,1.585144927536232,36.76999652175743,0,19.794918794124527,1,1.5,11,2.0416666666666665,0,0,0,802,59.29238480127868,51.082326889038086
baseline,False,2,36,10,9,9,7,70.0,50.13394314840371,373.3888002718668,,True,2515.0,0,45861,86.02080198861778,86.01805809997383,100.0,181.42117327090543,365.0646461975115,50.94461697722567,41.757246376811594,7582.0,28,0,192.53571428571428,323.5,0.0,0,,,1.585144927536232,36.76999652175743,0,19.794918794124527,1,1.5,11,2.0416666666666665,0,0,0,802,58.04250202905166,52.896034717559814
baseline,False,3,36,10,9,9,8,80.0,10.968050129496469,96.42862384047339,,True,2515.0,0,45861,86.00989947886004,86.00715345023117,100.0,172.37520514605748,364.6418810009099,50.94461697722567,41.757246376811594,7582.0,28,0,192.53571428571428,323.5,0.0,0,,,1.585144927536232,36.76999652175743,0,19.794918794124527,1,1.5,11,2.0416666666666665,0,0,0,802,59.29182062219181,51.33544182777405
baseline,False,1,38,10,10,10,7,70.0,44.863145963769526,334.89953586700074,2007.2272022130444,True,2519.5,0,46005,86.0058689272905,86.00282639417328,100.0,181.53228962860953,363.11421229103325,50.74404761904762,42.391304347826086,7613.0,28,0,194.08928571428572,289.5,0.0,0,,,1.585144927536232,37.21896470051195,0,19.794918794124527,1,1.5,14,2.0416666666666665,0,0,0,870,59.2945580541186,46.84319090843201
baseline,False,2,38,10,9,9,7,70.0,50.134672718601934,373.3888002718668,,True,2519.5,0,46004,86.02730197374142,86.02456788781389,100.0,181.79475041026194,364.51955223231573,50.74404761904762,42.391304347826086,7613.0,28,0,194.08928571428572,289.5,0.0,0,,,1.585144927536232,37.21896470051195,0,19.794918794124527,1,1.5,14,2.0416666666666665,0,0,0,870,58.04589761952179,45.07045221328735
baseline,False,3,38,10,9,9,8,80.0,10.97008758253518,96.42862384047339,,True,2519.5,0,46004,86.00556473350143,86.00282639417328,100.0,172.78746664170737,363.2354474270992,50.74404761904762,42.391304347826086,7613.0,28,0,194.08928571428572,289.5,0.0,0,,,1.585144927536232,37.21896470051195,0,19.794918794124527,1,1.5,14,2.0416666666666665,0,0,0,870,59.29453904200679,45.02045297622681
baseline,False,1,40,10,10,10,7,70.0,44.8616589247593,334.89953586700074,2007.2123318229421,True,2560.5,0,46228,86.09068097257074,86.08767146999004,100.0,181.94296036031133,365.70439667510084,50.31702898550725,42.93478260869565,7679.0,28,0,196.94642857142858,278.5,0.0,0,,,1.585144927536232,36.7685970595378,0,19.794918794124527,1,1.5,15,2.0416666666666665,0,0,0,1122,59.218333500195186,47.989826679229736
baseline,False,2,40,10,9,9,7,70.0,50.14258040653332,373.3888002718668,,True,2560.5,0,46227,86.09038008090509,86.08767146999004,100.0,182.3219680497705,367.0748812785718,50.31702898550725,42.93478260869565,7679.0,28,0,196.94642857142858,278.5,0.0,0,,,1.585144927536232,36.7685970595378,0,19.794918794124527,1,1.5,15,2.0416666666666665,0,0,0,1122,57.96831469446609,46.028658390045166
baseline,False,3,40,10,9,9,8,80.0,10.969844278101732,96.42862384047339,,True,2560.5,0,46227,86.07740065329786,86.07468951490762,100.0,173.26667642201664,365.1969273405737,50.31702898550725,42.93478260869565,7679.0,28,0,196.94642857142858,278.5,0.0,0,,,1.585144927536232,36.7685970595378,0,19.794918794124527,1,1.5,15,2.0416666666666665,0,0,0,1122,59.21750348024064,45.128918170928955
zerogap,False,1,24,10,10,10,10,100.0,0.3231949230069574,0.49567357761020503,2007.1792808631028,True,2530.5,0,48097,83.52288084495915,83.51945432237403,100.0,182.48919437094665,423.60529182675987,66.22670807453416,63.768115942028984,5220.0,32,10,126.546875,418.5,34.375,0,,,0.04528985507246377,49.403959032916525,7,21.00163898518784,0,0.0,7,2.25,0,0,0,646,73.461266001684,105.96990275382996
zerogap,False,2,24,10,9,9,9,90.0,0.26565081645348226,0.401240156719723,,True,2530.5,0,48096,83.53501330671989,83.53193170711418,100.0,182.5898335399938,421.07851276376783,66.22670807453416,63.768115942028984,5220.0,32,10,126.546875,418.5,34.375,0,,,0.04528985507246377,49.403959032916525,7,21.00163898518784,0,0.0,7,2.25,0,0,0,646,70.96202428054404,101.33302783966064
zerogap,False,3,24,10,9,9,6,60.0,86.09975299375326,390.11535148284315,,True,2530.5,0,48096,83.5225382568197,83.51945432237403,100.0,201.85280983503344,423.0269472420791,66.22670807453416,63.768115942028984,5220.0,32,10,126.546875,418.5,34.375,0,,,0.04528985507246377,49.403959032916525,7,21.00163898518784,0,0.0,7,2.25,0,0,0,646,67.21124458992529,103.1347062587738
zerogap,False,1,28,10,10,10,10,100.0,0.34594510669689954,0.5718069752796282,2007.2409497567166,True,2535.5,0,54524,88.62886068520285,88.6267747734527,100.0,186.207781866267,432.7153340703326,75.5564182194617,72.5090579710145,3778.0,35,20,87.8,377.0,57.142857142857146,0,,,0.0,59.3405826158852,9,21.00001179856604,0,0.0,13,2.3333333333333335,0,0,0,1114,80.12121391232215,126.78534054756165
zerogap,False,2,28,10,9,9,8,80.0,24.86341005089478,221.7300531946819,,True,2535.5,0,54523,88.61764759826129,88.61576842645925,100.0,190.70470922789266,433.8956957154308,75.5564182194617,72.5090579710145,3778.0,35,20,87.8,377.0,57.142857142857146,0,,,0.0,59.3405826158852,9,21.00001179856604,0,0.0,13,2.3333333333333335,0,0,0,1114,76.3705130943883,128.85803651809692
zerogap,False,3,28,10,9,9,8,80.0,1.9909149531409236,15.402402732624523,,True,2535.5,0,54523,88.61948168662767,88.61760281762483,100.0,186.4913918315404,432.33234684435354,75.5564182194617,72.5090579710145,3778.0,35,20,87.8,377.0,57.142857142857146,0,,,0.0,59.3405826158852,9,21.00001179856604,0,0.0,13,2.3333333333333335,0,0,0,1114,76.3706277249112,124.74061322212219
zerogap,False,1,32,10,10,10,10,100.0,0.3608148098117681,0.5573866829770395,2007.2497798767943,True,2559.0,0,60478,92.6254175071927,92.62419792286829,100.0,204.21703681097537,459.39483566145606,85.0672877846791,82.29166666666667,2308.0,33,19,54.21212121212121,216.0,57.57575757575758,0,,,0.0,69.2863309358747,15,20.480238979869462,0,0.0,26,1.75,0,0,0,1152,82.26804676592812,163.9826431274414
zerogap,False,2,32,10,9,9,9,90.0,0.29622995814119374,0.4564307344721783,,True,2559.0,0,60477,92.60379979165633,92.60269894820401,100.0,204.1424959319645,460.08440207884655,85.0672877846791,82.29166666666667,2308.0,33,19,54.21212121212121,216.0,57.57575757575758,0,,,0.0,69.2863309358747,15,20.480238979869462,0,0.0,26,1.75,0,0,0,1152,79.76669565870709,161.1342008113861
zerogap,False,3,32,10,9,9,9,90.0,0.3626299096837834,0.5001153489099579,,True,2559.0,0,60477,92.60049274930965,92.59939141364028,100.0,204.27652325336496,459.3598459032844,85.0672877846791,82.29166666666667,2308.0,33,19,54.21212121212121,216.0,57.57575757575758,0,,,0.0,69.2863309358747,15,20.480238979869462,0,0.0,26,1.75,0,0,0,1152,79.76648896856042,163.38915419578552
zerogap,False,1,36,10,10,10,10,100.0,0.37798004632744553,0.5573866829770395,2007.2216588351414,True,2560.0,0,63408,97.97344183699218,97.97312218051043,100.0,213.15870672877838,481.7757158966054,91.42080745341615,74.41123188405797,1326.0,32,22,31.140625,351.5,68.75,0,,,0.0,78.90430452104091,15,21.000000099497274,0,0.0,31,1.9583333333333333,0,0,0,1623,86.23246007905408,171.69150495529175
zerogap,False,2,36,10,9,9,9,90.0,0.3095415013764232,0.45865514164700016,,True,2560.0,0,63407,97.95448452063653,97.95419413861636,100.0,213.1690160855366,481.2051104223585,91.42080745341615,74.41123188405797,1326.0,32,22,31.140625,351.5,68.75,0,,,0.0,78.90430452104091,15,21.000000099497274,0,0.0,31,1.9583333333333333,0,0,0,1623,83.73127524678185,172.26914310455322
zerogap,False,3,36,10,8,8,8,80.0,0.38581764228986515,0.45767945549778233,,True,2560.0,0,63406,97.93710374412517,97.9368434335468,100.0,213.24544837330018,481.82712782818993,91.42080745341615,74.41123188405797,1326.0,32,22,31.140625,351.5,68.75,0,,,0.0,78.90430452104091,15,21.000000099497274,0,0.0,31,1.9583333333333333,0,0,0,1623,81.23018894824989,172.47376537322998
zerogap,False,1,38,10,10,10,10,100.0,0.3621698319007578,0.5573866829770395,2007.2030575279414,True,2561.0,0,64519,97.80374773322588,97.80340727650406,100.0,218.33386276796423,496.6487736096043,94.83695652173913,91.71195652173913,798.0,33,25,16.439393939393938,86.5,78.78787878787878,0,,,0.5434782608695652,77.69807362061856,14,20.765203423906744,0,0.0,28,2.0416666666666665,0,0,0,1747,88.58105915740842,154.56693243980408
zerogap,False,2,38,10,9,9,9,90.0,0.27742950096015623,0.4407338003722998,,True,2561.0,0,64518,97.78356427663597,97.78325504968299,100.0,218.33712799320247,498.7455553181885,94.83695652173913,91.71195652173913,798.0,33,25,16.439393939393938,86.5,78.78787878787878,0,,,0.5434782608695652,77.69807362061856,14,20.765203423906744,0,0.0,28,2.0416666666666665,0,0,0,1747,86.07979769137157,152.60587859153748
zerogap,False,3,38,10,9,9,9,90.0,0.3617931636441906,0.599983455794245,,True,2561.0,0,64518,97.77891441148206,97.77860453580121,100.0,218.2708760534489,497.9662513324148,94.83695652173913,91.71195652173913,798.0,33,25,16.439393939393938,86.5,78.78787878787878,0,,,0.5434782608695652,77.69807362061856,14,20.765203423906744,0,0.0,28,2.0416666666666665,0,0,0,1747,86.07950707479944,152.86196303367615
zerogap,False,1,40,10,10,10,10,100.0,0.38791838561451186,0.5573866829770395,2007.3140174757723,True,2552.5,0,65043,98.18427809295389,98.18399889286978,100.0,216.1983420724182,490.5638410734162,94.47463768115942,82.29166666666667,854.0,34,25,22.897058823529413,161.0,76.47058823529412,0,,,0.8152173913043478,78.64131883944239,16,15.335746536403379,1,1.5,23,2.7083333333333335,0,0,0,1667,87.15504716547852,107.50232553482056
zerogap,False,2,40,10,9,9,9,90.0,0.3039721898481894,0.5258076345519385,,True,2552.5,0,65042,98.15657575105317,98.15632063721495,100.0,216.1769223790151,490.67493400240465,94.47463768115942,82.29166666666667,854.0,34,25,22.897058823529413,161.0,76.47058823529412,0,,,0.8152173913043478,78.64131883944239,16,15.335746536403379,1,1.5,23,2.7083333333333335,0,0,0,1667,84.65331576910972,106.86237812042236
zerogap,False,3,40,10,9,9,9,90.0,0.38681160272537657,0.49775535529010995,,True,2552.5,0,65042,98.15657575105317,98.15632063721495,100.0,216.14556118041565,490.11962980767527,94.47463768115942,82.29166666666667,854.0,34,25,22.897058823529413,161.0,76.47058823529412,0,,,0.8152173913043478,78.64131883944239,16,15.335746536403379,1,1.5,23,2.7083333333333335,0,0,0,1667,84.65331576910972,106.12491464614868
