t,slot,kind,old,new,gap_s,t_gap_start,closed
722.5,13,baton_mbb,1,23,0.0,,True
730.0,14,baton_mbb,2,24,0.0,,True
735.5,15,baton_mbb,3,25,0.0,,True
744.5,0,baton_mbb,0,30,0.0,,True
747.0,16,baton_mbb,4,26,0.0,,True
749.0,17,baton_mbb,5,27,0.0,,True
764.5,18,baton_mbb,6,28,0.0,,True
772.0,19,baton_mbb,7,29,0.0,,True
827.0,3,baton_mbb,9,31,0.0,,True
844.5,2,baton_mbb,10,33,0.0,,True
884.5,1,baton_mbb,8,32,0.0,,True
1177.5,5,baton_mbb,12,36,0.0,,True
1204.0,4,baton_mbb,11,34,0.0,,True
1310.5,13,forced,23,2,86.5,1310.5,True
1323.0,14,forced,24,3,74.0,1323.0,True
1329.0,15,forced,25,6,71.0,1329.0,True
1340.0,16,forced,26,17,76.5,1340.0,True
1343.0,17,forced,27,14,76.5,1343.0,True
1347.5,18,forced,28,5,77.5,1347.5,True
1352.5,19,forced,29,1,80.0,1352.5,True
1487.5,3,baton_mbb,31,7,0.0,,True
1522.5,0,baton_mbb,30,13,0.0,,True
1600.0,2,baton_mbb,33,4,0.0,,True
1617.5,1,baton_mbb,32,12,0.0,,True
1723.0,13,baton_mbb,2,20,0.0,,True
1822.5,18,baton_mbb,5,22,0.0,,True
1830.5,16,baton_mbb,17,24,0.0,,True
1833.0,15,baton_mbb,6,30,0.0,,True
1835.0,17,baton_mbb,14,25,0.0,,True
1841.0,19,baton_mbb,1,23,0.0,,True
1962.0,4,baton_mbb,34,21,0.0,,True
2058.5,14,forced,3,26,0.5,2058.5,True
2073.5,3,baton_mbb,7,19,0.0,,True
