t,event,uid,slot
0.0,fill_now,0,0
0.0,fill_now,1,13
0.0,fill_now,2,14
0.0,fill_now,3,15
0.0,fill_now,4,16
0.0,fill_now,5,17
0.0,fill_now,6,18
0.0,fill_now,7,19
96.0,shadow,8,20
108.0,shadow,9,21
126.0,shadow,10,22
241.5,promote,8,1
241.5,fill,8,1
241.5,promote,10,2
241.5,fill,10,2
241.5,promote,9,3
241.5,fill,9,3
241.5,fill,11,4
241.5,fill,12,5
242.0,fill,13,6
242.0,fill,14,7
242.0,fill,15,8
242.0,fill,16,9
242.0,fill,17,10
242.0,fill,18,11
242.0,fill,19,12
242.0,shadow,20,20
242.0,shadow,21,21
242.0,shadow,22,22
468.5,relief_early,23,13
475.0,relief_early,24,14
488.0,relief_early,25,15
491.5,relief_early,26,16
501.5,relief_early,27,17
505.0,relief_early,28,18
508.5,relief_early,29,19
657.0,relief_early,30,0
703.5,relief_early,31,3
728.0,relief_early,32,1
739.0,relief_early,33,2
781.5,relief_early,34,7
796.5,relief_early,35,6
1021.5,relief,36,5
1043.0,fill,37,6
1052.0,relief,34,4
1052.0,fill,35,7
1075.0,fill,10,8
1075.5,fill,9,9
1096.0,fill,8,10
1098.5,fill,19,11
1105.5,relief,2,13
1116.0,fill,18,12
1134.5,relief,3,14
1144.5,relief_early,6,15
1146.0,relief_early,17,16
1147.5,relief_early,14,17
1153.0,relief_early,5,18
1155.0,relief_early,1,19
1244.0,shadow,16,22
1246.0,shadow,0,22
1260.0,shadow,15,22
1281.0,relief_early,7,3
1464.5,relief_early,13,0
1474.5,relief_early,4,2
1542.0,relief_early,12,1
1563.5,relief_early,11,5
1577.5,relief_early,20,13
1683.5,relief_early,21,4
1692.0,relief_early,22,18
1708.5,relief_early,23,19
1719.0,relief_early,24,16
1732.0,relief_early,25,17
1741.0,relief_early,26,14
1751.5,relief_early,30,15
1862.5,fill,27,5
1863.0,fill,31,6
1863.0,fill,29,7
1863.0,fill,28,8
1863.0,fill,32,9
1863.0,fill,33,10
1962.0,relief_early,19,3
1972.0,shadow,18,20
1980.0,shadow,11,21
1990.0,shadow,37,22
2330.0,shadow,15,23
2352.0,shadow,8,23
