id,x,y,t_spawn,t_detect,t_report,by
0,425.4192814675217,6.654970472850241,147.4467378433842,397.0,397.4789056100892,1
1,951.0938939328375,835.6156450232742,597.8030432901693,654.0,654.557386682977,7
2,719.7398887066163,964.9724015932089,665.6105045266287,760.5,761.0494687213393,7
3,980.0098019637564,499.8484150470932,697.9490927630086,698.0,698.3889752011019,1
4,228.47831978168642,811.9313389921209,858.0882939882466,901.0,901.3022095421949,27
5,351.04136484194794,377.87971839368475,1238.8985653424097,2007.0,2007.2030575279414,22
6,481.4461713107928,520.035641669377,1303.7176250959253,1646.5,1646.8299919489566,2
7,167.46639168751176,905.2848292071756,1435.466603450279,1736.0,1736.3158800113704,5
8,191.20430529410214,953.8374733852753,1498.9793900489442,1729.0,1729.3007371871342,1
9,36.765685518760804,752.1629727236615,1654.3316914060676,1772.5,1772.6950858859027,17
