t,ap_uid,lost,shadow_uid,pos
96.0,0,2,8,"[-38.6, 510.4, 51.0]"
108.0,1,1,9,"[7.3, 551.7, 51.0]"
126.0,2,1,10,"[60.0, 607.1, 51.0]"
242.0,4,3,20,"[60.0, 428.0, 51.0]"
242.0,3,2,21,"[59.1, 363.0, 51.0]"
242.0,6,1,22,"[10.9, 577.3, 51.0]"
1244.0,37,7,16,"[442.5, 465.4, 51.0]"
1246.0,36,7,0,"[361.4, 541.6, 51.0]"
1260.0,35,7,15,"[505.6, 466.1, 51.0]"
1972.0,12,7,18,"[43.1, 466.1, 51.0]"
1980.0,22,5,11,"[250.9, 384.6, 51.0]"
1990.0,4,7,37,"[134.2, 465.4, 51.0]"
2330.0,13,7,15,"[-22.6, 477.4, 51.0]"
2352.0,23,6,8,"[76.3, 441.7, 51.0]"
